id,class,img_height,img_width,height_width_dims,aspect_ratio,img_height_width
donnclothing_1_10_20_02_2022.jpg,not_drip,591,394,591_394,0.67,591_394
donnclothing_1_11_20_02_2022.jpg,not_drip,591,394,591_394,0.67,591_394
donnclothing_1_12_20_02_2022.jpg,not_drip,591,394,591_394,0.67,591_394
donnclothing_1_13_20_02_2022.jpg,not_drip,591,394,591_394,0.67,591_394
donnclothing_1_14_20_02_2022.jpg,not_drip,591,394,591_394,0.67,591_394
donnclothing_1_15_20_02_2022.jpg,not_drip,591,394,591_394,0.67,591_394
donnclothing_1_16_20_02_2022.jpg,not_drip,591,394,591_394,0.67,591_394
donnclothing_1_17_20_02_2022.jpg,not_drip,591,394,591_394,0.67,591_394
donnclothing_1_18_20_02_2022.jpg,not_drip,591,394,591_394,0.67,591_394
donnclothing_1_19_20_02_2022.jpg,not_drip,591,394,591_394,0.67,591_394
donnclothing_1_1_20_02_2022.jpg,not_drip,591,394,591_394,0.67,591_394
donnclothing_1_20_20_02_2022.jpg,not_drip,591,394,591_394,0.67,591_394
donnclothing_1_21_20_02_2022.jpg,not_drip,591,394,591_394,0.67,591_394
donnclothing_1_22_20_02_2022.jpg,not_drip,591,394,591_394,0.67,591_394
donnclothing_1_23_20_02_2022.jpg,not_drip,591,394,591_394,0.67,591_394
donnclothing_1_24_20_02_2022.jpg,not_drip,591,394,591_394,0.67,591_394
donnclothing_1_25_20_02_2022.jpg,not_drip,591,394,591_394,0.67,591_394
donnclothing_1_26_20_02_2022.jpg,not_drip,591,394,591_394,0.67,591_394
donnclothing_1_27_20_02_2022.jpg,not_drip,591,394,591_394,0.67,591_394
donnclothing_1_28_20_02_2022.jpg,not_drip,591,394,591_394,0.67,591_394
donnclothing_1_29_20_02_2022.jpg,not_drip,591,394,591_394,0.67,591_394
donnclothing_1_2_20_02_2022.jpg,not_drip,591,394,591_394,0.67,591_394
donnclothing_1_30_20_02_2022.jpg,not_drip,591,394,591_394,0.67,591_394
donnclothing_1_31_20_02_2022.jpg,not_drip,591,394,591_394,0.67,591_394
donnclothing_1_32_20_02_2022.jpg,not_drip,591,394,591_394,0.67,591_394
donnclothing_1_33_20_02_2022.jpg,not_drip,591,394,591_394,0.67,591_394
donnclothing_1_34_20_02_2022.jpg,not_drip,591,394,591_394,0.67,591_394
donnclothing_1_35_20_02_2022.jpg,not_drip,591,394,591_394,0.67,591_394
donnclothing_1_36_20_02_2022.jpg,not_drip,591,394,591_394,0.67,591_394
donnclothing_1_37_20_02_2022.jpg,not_drip,591,394,591_394,0.67,591_394
donnclothing_1_38_20_02_2022.jpg,not_drip,591,394,591_394,0.67,591_394
donnclothing_1_39_20_02_2022.jpg,not_drip,591,394,591_394,0.67,591_394
donnclothing_1_3_20_02_2022.jpg,not_drip,591,394,591_394,0.67,591_394
donnclothing_1_40_20_02_2022.jpg,not_drip,591,394,591_394,0.67,591_394
donnclothing_1_41_20_02_2022.jpg,not_drip,591,394,591_394,0.67,591_394
donnclothing_1_42_20_02_2022.jpg,not_drip,591,394,591_394,0.67,591_394
donnclothing_1_43_20_02_2022.jpg,not_drip,591,394,591_394,0.67,591_394
donnclothing_1_44_20_02_2022.jpg,not_drip,591,394,591_394,0.67,591_394
donnclothing_1_45_20_02_2022.jpg,not_drip,591,394,591_394,0.67,591_394
donnclothing_1_46_20_02_2022.jpg,not_drip,591,394,591_394,0.67,591_394
donnclothing_1_47_20_02_2022.jpg,drip,591,394,591_394,0.67,591_394
donnclothing_1_48_20_02_2022.jpg,not_drip,591,394,591_394,0.67,591_394
donnclothing_1_4_20_02_2022.jpg,drip,591,394,591_394,0.67,591_394
donnclothing_1_5_20_02_2022.jpg,not_drip,591,394,591_394,0.67,591_394
donnclothing_1_6_20_02_2022.jpg,not_drip,591,394,591_394,0.67,591_394
donnclothing_1_7_20_02_2022.jpg,drip,591,394,591_394,0.67,591_394
donnclothing_1_8_20_02_2022.jpg,not_drip,591,394,591_394,0.67,591_394
donnclothing_1_9_20_02_2022.jpg,not_drip,591,394,591_394,0.67,591_394
i_love_ny_tee_(m)_5_01_02_2022.jpg,not_drip,591,394,591_394,0.67,591_394
i_love_ny_tee_(s)_4_30_01_2022.jpg,not_drip,591,394,591_394,0.67,591_394
the_'07_champions_graphic_tee_(l)_4_31_01_2022.jpg,drip,591,394,591_394,0.67,591_394
the_'08_world_series_baseball_tee_(l)_2_11_02_2022.jpg,drip,591,394,591_394,0.67,591_394
the_00's_adidas_jacket_(l)_1_31_01_2022.jpg,not_drip,591,394,591_394,0.67,591_394
the_00's_denim_jacket_(l)_2_30_01_2022.jpg,not_drip,591,394,591_394,0.67,591_394
the_00's_grafitti_sweater_(m)_2_01_02_2022.jpg,not_drip,591,394,591_394,0.67,591_394
the_00's_kangol_seersucker_shirt_(xl)_1_04_02_2022.jpg,not_drip,591,394,591_394,0.67,591_394
the_00's_nike_tee_(l)_3_11_02_2022.jpg,not_drip,591,394,591_394,0.67,591_394
the_00's_reebok_basketball_vest_(l)_2_11_02_2022.jpg,not_drip,591,394,591_394,0.67,591_394
the_00's_sergio_tacchini_big_logo_sweater_(l)_3_30_01_2022.jpg,not_drip,591,394,591_394,0.67,591_394
the_00's_starter_puffer_coat_(xl)_2_30_01_2022.jpg,not_drip,591,394,591_394,0.67,591_394
the_00's_tap_out_graphic_tee_(xl)_4_31_01_2022.jpg,not_drip,591,394,591_394,0.67,591_394
the_00's_timberland_long_sleeved_tee_(l)_2_11_02_2022.jpg,not_drip,591,394,591_394,0.67,591_394
the_00's_ysl_striped_shirt_(l)_1_04_02_2022.jpg,not_drip,591,394,591_394,0.67,591_394
the_00s_kenny_chesney_band_tee_(s)_4_31_01_2022.jpg,not_drip,591,394,591_394,0.67,591_394
the_1997_tweety_pie_sweater_(m)_2_04_02_2022.jpg,not_drip,591,394,591_394,0.67,591_394
the_80's_basketball_tee_(l)_2_30_01_2022.jpg,drip,591,394,591_394,0.67,591_394
the_80's_colour_block_fleece_(l)_4_30_01_2022.jpg,not_drip,591,394,591_394,0.67,591_394
the_80's_colour_block_fleece_(s)_4_30_01_2022.jpg,not_drip,591,394,591_394,0.67,591_394
the_80's_dynastar_sweater_(s)_2_01_02_2022.jpg,not_drip,591,394,591_394,0.67,591_394
the_80's_embroidered_shell_jacket_(m)_4_30_01_2022.jpg,not_drip,591,394,591_394,0.67,591_394
the_80's_graphic_tee_(m)_2_30_01_2022.jpg,not_drip,591,394,591_394,0.67,591_394
the_80's_happy_days_sweater_(m)_2_30_01_2022.jpg,not_drip,591,394,591_394,0.67,591_394
the_80's_hiking_coat_(l)_4_30_01_2022.jpg,not_drip,591,394,591_394,0.67,591_394
the_80's_karate_tee_(s)_2_30_01_2022.jpg,not_drip,591,394,591_394,0.67,591_394
the_80's_le_coq_sportif_hoodie_(l)_1_30_01_2022.jpg,not_drip,591,394,591_394,0.67,591_394
the_80's_sponsor_sweater_(l)_1_01_02_2022.jpg,not_drip,591,394,591_394,0.67,591_394
the_80's_turtle_neck_sweater_(m)_1_01_02_2022.jpg,not_drip,591,394,591_394,0.67,591_394
the_80's_two_tone_fleece_(s)_4_30_01_2022.jpg,not_drip,591,394,591_394,0.67,591_394
the_80's_usa_athletics_shell_jacket_(l)_4_30_01_2022.jpg,not_drip,591,394,591_394,0.67,591_394
the_80s_usa_best_team_sweater_(s)_2_01_02_2022.jpg,not_drip,591,394,591_394,0.67,591_394
the_90's_adidas_anderlecht_football_coat_(l)_3_11_02_2022.jpg,not_drip,591,394,591_394,0.67,591_394
the_90's_adidas_jacket_(m)_1_31_01_2022.jpg,not_drip,591,394,591_394,0.67,591_394
the_90's_fila_jacket_(l)_2_29_01_2022.jpg,not_drip,591,394,591_394,0.67,591_394
the_90's_fila_magic_line_coat_(xxl)_1_31_01_2022.jpg,not_drip,591,394,591_394,0.67,591_394
the_90's_fila_puffer_coat_(xxl)_5_29_01_2022.jpg,not_drip,591,394,591_394,0.67,591_394
the_90's_fila_shell_jacket_(xl)_2_30_01_2022.jpg,not_drip,591,394,591_394,0.67,591_394
the_90's_fila_sweater_(m)_3_31_01_2022.jpg,not_drip,591,394,591_394,0.67,591_394
the_90's_lotto_football_top_(m)_1_30_01_2022.jpg,drip,591,394,591_394,0.67,591_394
the_90's_nike_shell_jacket_(xxl)_2_30_01_2022.jpg,drip,591,394,591_394,0.67,591_394
the_90's_reebok_sweater_(l)_3_30_01_2022.jpg,drip,591,394,591_394,0.67,591_394
the_90's_umbro_footy_coat_(xl)_2_30_01_2022.jpg,not_drip,591,394,591_394,0.67,591_394
the_90's_umbro_jacket_(s)_2_29_01_2022.jpg,drip,591,394,591_394,0.67,591_394
the_abc_sweater_(m)_2_01_02_2022.jpg,not_drip,591,394,591_394,0.67,591_394
the_abseiling_snoopy_graphic_sweater_(xs)_1_01_02_2022.jpg,not_drip,591,394,591_394,0.67,591_394
the_adidas_cap_(one_size)_2_30_01_2022.jpg,not_drip,591,394,591_394,0.67,591_394
the_adidas_coat_(s)_1_30_01_2022.jpg,not_drip,591,394,591_394,0.67,591_394
the_adidas_embroidered_fleece_(xl)_2_30_01_2022.jpg,not_drip,591,394,591_394,0.67,591_394
the_adidas_embroidered_tee_(l)_2_11_02_2022.jpg,drip,591,394,591_394,0.67,591_394
the_adidas_embroidered_tee_(l)_3_30_01_2022.jpg,not_drip,591,394,591_394,0.67,591_394
the_adidas_originals_tee_(xl)_1_11_02_2022.jpg,drip,591,394,591_394,0.67,591_394
the_adidas_puffer_gilet_(m)_3_30_01_2022.jpg,not_drip,591,394,591_394,0.67,591_394
the_adidas_puffer_gilet_(xs)_2_31_01_2022.jpg,not_drip,591,394,591_394,0.67,591_394
the_adidas_rework_bag_1_01_02_2022.jpg,drip,591,394,591_394,0.67,591_394
the_adidas_soccer_tee_(l)_1_11_02_2022.jpg,drip,591,394,591_394,0.67,591_394
the_adidas_sweater_(l)_1_11_02_2022.jpg,not_drip,591,394,591_394,0.67,591_394
the_adidas_sweater_(l)_1_16_02_2022.jpg,not_drip,591,394,591_394,0.67,591_394
the_adidas_sweater_(l)_2_16_02_2022.jpg,not_drip,591,394,591_394,0.67,591_394
the_adidas_sweater_(l)_2_18_02_2022.jpg,not_drip,591,394,591_394,0.67,591_394
the_adidas_sweater_(l)_3_11_02_2022.jpg,not_drip,591,394,591_394,0.67,591_394
the_adidas_sweater_(m)_1_16_02_2022.jpg,not_drip,591,394,591_394,0.67,591_394
the_adidas_sweater_(m)_2_16_02_2022.jpg,not_drip,591,394,591_394,0.67,591_394
the_adidas_sweater_(m)_2_18_02_2022.jpg,not_drip,591,394,591_394,0.67,591_394
the_adidas_sweater_(m)_3_11_02_2022.jpg,not_drip,591,394,591_394,0.67,591_394
the_adidas_sweater_(s)_1_16_02_2022.jpg,not_drip,591,394,591_394,0.67,591_394
the_adidas_sweater_(s)_3_11_02_2022.jpg,not_drip,591,394,591_394,0.67,591_394
the_adidas_tee_(l)_3_01_02_2022.jpg,not_drip,591,394,591_394,0.67,591_394
the_adidas_tee_(s)_1_01_02_2022.jpg,not_drip,591,394,591_394,0.67,591_394
the_adidas_tee_(s)_1_11_02_2022.jpg,drip,591,394,591_394,0.67,591_394
the_adidas_tee_(xl)_1_11_02_2022.jpg,drip,591,394,591_394,0.67,591_394
the_adidas_tee_(xl)_2_11_02_2022.jpg,drip,591,394,591_394,0.67,591_394
the_adidas_tee_(xl)_3_01_02_2022.jpg,drip,591,394,591_394,0.67,591_394
the_adidas_tie_dye_sweater_(s)_5_29_01_2022.jpg,not_drip,591,394,591_394,0.67,591_394
the_adidas_track_jacket_(l)_2_31_01_2022.jpg,not_drip,591,394,591_394,0.67,591_394
the_adidas_wisconsin_sweater_(xl)_1_35_26_02_2022.jpg,not_drip,591,394,591_394,0.67,591_394
the_adventurer_graphic_sweater_(l)_3_31_01_2022.jpg,not_drip,591,394,591_394,0.67,591_394
the_aeroplane_sweater_(xs)_1_01_02_2022.jpg,not_drip,591,394,591_394,0.67,591_394
the_alan_jackson_'07_band_tee_(xxl)_4_31_01_2022.jpg,drip,591,394,591_394,0.67,591_394
the_alaska_expedition_sweater_(m)_1_01_02_2022.jpg,drip,591,394,591_394,0.67,591_394
the_alpine_mountain_sweater_(s)_2_01_02_2022.jpg,not_drip,591,394,591_394,0.67,591_394
the_american_biker_graphic_sweater_(s)_3_30_01_2022.jpg,not_drip,591,394,591_394,0.67,591_394
the_american_football_sweater_(m)_1_30_01_2022.jpg,drip,591,394,591_394,0.67,591_394
the_american_golf_graphic_sweater_(l)_3_30_01_2022.jpg,not_drip,591,394,591_394,0.67,591_394
the_america_sweater_(s)_2_04_02_2022.jpg,not_drip,591,394,591_394,0.67,591_394
the_america_sweater_(xs)_2_04_02_2022.jpg,not_drip,591,394,591_394,0.67,591_394
the_amsterdam_souvenir_sweater_(s)_1_29_01_2022.jpg,not_drip,591,394,591_394,0.67,591_394
the_antwerp_sweater_(l)_2_04_02_2022.jpg,not_drip,591,394,591_394,0.67,591_394
the_aquascutum_shirt_(s)_1_04_02_2022.jpg,not_drip,591,394,591_394,0.67,591_394
the_aquascutum_striped_shirt_(l)_3_30_01_2022.jpg,not_drip,591,394,591_394,0.67,591_394
the_armani_jeans_denim_jacket_(s)_1_30_01_2022.jpg,not_drip,591,394,591_394,0.67,591_394
the_asics_sweater_(l)_2_16_02_2022.jpg,not_drip,591,394,591_394,0.67,591_394
the_atlanta_tee_(xl)_1_28_26_02_2022.jpg,not_drip,591,394,591_394,0.67,591_394
the_bahamas_souvenir_graphic_tee_(l)_5_30_01_2022.jpg,not_drip,591,394,591_394,0.67,591_394
the_baseball_cello_clown_sweater_(m)_3_29_01_2022.jpg,drip,591,394,591_394,0.67,591_394
the_baseball_graphic_sweater_(l)_2_30_01_2022.jpg,not_drip,591,394,591_394,0.67,591_394
the_baseball_sweater_(m)_2_01_02_2022.jpg,not_drip,591,394,591_394,0.67,591_394
the_baseball_sweater_(s)_2_01_02_2022.jpg,not_drip,591,394,591_394,0.67,591_394
the_baseball_sweater_cardigan_(s)_2_01_02_2022.jpg,not_drip,591,394,591_394,0.67,591_394
the_beach_tee_(xl)_1_21_26_02_2022.jpg,not_drip,591,394,591_394,0.67,591_394
the_benetton_sweater_(m)_1_30_01_2022.jpg,not_drip,591,394,591_394,0.67,591_394
the_bermuda_lighthouse_tee_(l)_4_30_01_2022.jpg,not_drip,591,394,591_394,0.67,591_394
the_best_champion_sports_graphic_sweater_(m)_3_31_01_2022.jpg,not_drip,591,394,591_394,0.67,591_394
the_best_montana_sport_sweater_(xl)_2_04_02_2022.jpg,not_drip,591,394,591_394,0.67,591_394
the_best_montana_sweater_(m)_2_01_02_2022.jpg,not_drip,591,394,591_394,0.67,591_394
the_best_pals_tee_(l)_1_12_26_02_2022.jpg,not_drip,591,394,591_394,0.67,591_394
the_bike_pattern_fleece_jacket_(l)_7_29_01_2022.jpg,not_drip,591,394,591_394,0.67,591_394
the_blanc_bleau_sweater_(l)_1_30_01_2022.jpg,not_drip,591,394,591_394,0.67,591_394
the_blanc_bleu_sweater_(m)_2_01_02_2022.jpg,not_drip,591,394,591_394,0.67,591_394
the_board_sports_sweater_(s)_2_01_02_2022.jpg,not_drip,591,394,591_394,0.67,591_394
the_boat_graphic_sweater_(m)_2_30_01_2022.jpg,not_drip,591,394,591_394,0.67,591_394
the_boat_sweater_(m)_1_16_02_2022.jpg,not_drip,591,394,591_394,0.67,591_394
the_bootleg_balenciaga_shirt_(s)_1_04_02_2022.jpg,not_drip,591,394,591_394,0.67,591_394
the_bootleg_burberry_check_shirt_(xl)_1_11_02_2022.jpg,not_drip,591,394,591_394,0.67,591_394
the_bootleg_burberry_jumper_(m)_1_16_02_2022.jpg,not_drip,591,394,591_394,0.67,591_394
the_bootleg_burberry_jumper_(m)_2_30_01_2022.jpg,not_drip,591,394,591_394,0.67,591_394
the_bootleg_burberry_long_sleeved_polo_(m)_2_30_01_2022.jpg,not_drip,591,394,591_394,0.67,591_394
the_bootleg_burberry_shirt_(l)_1_04_02_2022.jpg,not_drip,591,394,591_394,0.67,591_394
the_bootleg_burberry_shirt_(l)_1_29_01_2022.jpg,not_drip,591,394,591_394,0.67,591_394
the_bootleg_burberry_shirt_(l)_2_01_02_2022.jpg,not_drip,591,394,591_394,0.67,591_394
the_bootleg_burberry_shirt_(m)_1_04_02_2022.jpg,not_drip,591,394,591_394,0.67,591_394
the_bootleg_burberry_shirt_(xl)_1_11_02_2022.jpg,not_drip,591,394,591_394,0.67,591_394
the_bootleg_burberry_shirt_(xl)_3_01_02_2022.jpg,not_drip,591,394,591_394,0.67,591_394
the_bootleg_burberry_striped_shirt_(l)_1_01_02_2022.jpg,not_drip,591,394,591_394,0.67,591_394
the_bootleg_calvin_klein_shirt_(xl)_1_30_01_2022.jpg,not_drip,591,394,591_394,0.67,591_394
the_bootleg_d&g_shirt_(l)_1_11_02_2022.jpg,not_drip,591,394,591_394,0.67,591_394
the_bootleg_d&g_velour_shirt_(l)_1_01_02_2022.jpg,not_drip,591,394,591_394,0.67,591_394
the_bootleg_dior_shirt_(l)_1_04_02_2022.jpg,not_drip,591,394,591_394,0.67,591_394
the_bootleg_dior_shirt_(l)_1_30_01_2022.jpg,not_drip,591,394,591_394,0.67,591_394
the_bootleg_fendi_sweater_(s)_2_16_02_2022.jpg,not_drip,591,394,591_394,0.67,591_394
the_bootleg_givenchy_shell_jacket_(l)_2_31_01_2022.jpg,not_drip,591,394,591_394,0.67,591_394
the_bootleg_gucci_shirt_(m)_1_30_01_2022.jpg,not_drip,591,394,591_394,0.67,591_394
the_bootleg_marlboro_sweater_(s)_2_30_01_2022.jpg,drip,591,394,591_394,0.67,591_394
the_bootleg_nike_big_logo_sweater_(m)_2_01_02_2022.jpg,not_drip,591,394,591_394,0.67,591_394
the_bootleg_nike_embroidered_shirt_(l)_1_11_02_2022.jpg,drip,591,394,591_394,0.67,591_394
the_bootleg_nike_polo_shirt_(l)_3_11_02_2022.jpg,not_drip,591,394,591_394,0.67,591_394
the_bootleg_nike_sweater_(l)_1_18_02_2022.jpg,drip,591,394,591_394,0.67,591_394
the_bootleg_prada_shirt_(m)_1_04_02_2022.jpg,not_drip,591,394,591_394,0.67,591_394
the_bootleg_prada_tee_(xl)_2_31_01_2022.jpg,not_drip,591,394,591_394,0.67,591_394
the_bootleg_versace_over_shirt_(xl)_1_04_02_2022.jpg,not_drip,591,394,591_394,0.67,591_394
the_bootleg_versace_shirt_(l)_1_11_02_2022.jpg,not_drip,591,394,591_394,0.67,591_394
the_bootleg_versace_shirt_(l)_1_29_01_2022.jpg,not_drip,591,394,591_394,0.67,591_394
the_bootleg_versace_shirt_(l)_2_01_02_2022.jpg,not_drip,591,394,591_394,0.67,591_394
the_bootleg_versace_shirt_(l)_2_11_02_2022.jpg,not_drip,591,394,591_394,0.67,591_394
the_bootleg_versace_shirt_(s)_1_04_02_2022.jpg,not_drip,591,394,591_394,0.67,591_394
the_bootleg_versace_shirt_(xl)_2_01_02_2022.jpg,not_drip,591,394,591_394,0.67,591_394
the_bootleg_versace_shirt_(xl)_2_11_02_2022.jpg,not_drip,591,394,591_394,0.67,591_394
the_bootleg_versace_shirt_(xxl)_1_11_02_2022.jpg,not_drip,591,394,591_394,0.67,591_394
the_bootleg_ysl_checkered_shirt_(xs)_2_01_02_2022.jpg,not_drip,591,394,591_394,0.67,591_394
the_bootleg_ysl_shirt_(l)_1_01_02_2022.jpg,not_drip,591,394,591_394,0.67,591_394
the_bootleg_ysl_shirt_(m)_1_01_02_2022.jpg,not_drip,591,394,591_394,0.67,591_394
the_bootleg_ysl_shirt_(s)_1_01_02_2022.jpg,not_drip,591,394,591_394,0.67,591_394
the_bootleg_ysl_sweater_(xxl)_2_30_01_2022.jpg,drip,591,394,591_394,0.67,591_394
the_boston_celtics_shaquille_o'neill_tee_(l)_2_11_02_2022.jpg,drip,591,394,591_394,0.67,591_394
the_boston_ice_hockey_sweater_(xl)_2_01_02_2022.jpg,not_drip,591,394,591_394,0.67,591_394
the_bowling_sweater_(m)_1_30_01_2022.jpg,not_drip,591,394,591_394,0.67,591_394
the_brand_new_with_tags_i_love_ny_tee_(l)_4_30_01_2022.jpg,not_drip,591,394,591_394,0.67,591_394
the_burberry_checkered_shirt_(l)_1_04_02_2022.jpg,not_drip,591,394,591_394,0.67,591_394
the_burberry_jumper_(m)_2_30_01_2022.jpg,not_drip,591,394,591_394,0.67,591_394
the_burberry_plaid_shirt_(m)_1_04_02_2022.jpg,not_drip,591,394,591_394,0.67,591_394
the_burberry_shirt_(l)_1_04_02_2022.jpg,not_drip,591,394,591_394,0.67,591_394
the_burberry_shirt_(l)_1_29_01_2022.jpg,not_drip,591,394,591_394,0.67,591_394
the_burberry_shirt_(l)_2_04_02_2022.jpg,not_drip,591,394,591_394,0.67,591_394
the_burberry_shirt_(l)_2_29_01_2022.jpg,not_drip,591,394,591_394,0.67,591_394
the_burberry_shirt_(m)_1_04_02_2022.jpg,not_drip,591,394,591_394,0.67,591_394
the_burberry_shirt_(m)_1_29_01_2022.jpg,not_drip,591,394,591_394,0.67,591_394
the_burberry_shirt_(m)_2_11_02_2022.jpg,not_drip,591,394,591_394,0.67,591_394
the_burberry_shirt_(m)_4_29_01_2022.jpg,not_drip,591,394,591_394,0.67,591_394
the_burberry_shirt_(s)_2_11_02_2022.jpg,not_drip,591,394,591_394,0.67,591_394
the_burberry_shirt_(s)_4_29_01_2022.jpg,not_drip,591,394,591_394,0.67,591_394
the_burberry_shirt_(xl)_2_04_02_2022.jpg,not_drip,591,394,591_394,0.67,591_394
the_burberry_shirt_(xl)_2_29_01_2022.jpg,not_drip,591,394,591_394,0.67,591_394
the_burberry_shirt_(xs)_1_29_01_2022.jpg,not_drip,591,394,591_394,0.67,591_394
the_butterfly_tee_(m)_1_5_26_02_2022.jpg,not_drip,591,394,591_394,0.67,591_394
the_california_bodybuilder_sweater_(s)_2_01_02_2022.jpg,not_drip,591,394,591_394,0.67,591_394
the_call_of_duty_task_force_graphic_tee_(xl)_4_31_01_2022.jpg,not_drip,591,394,591_394,0.67,591_394
the_camo_print_tee_(s)_6_29_01_2022.jpg,not_drip,591,394,591_394,0.67,591_394
the_canada_mountain_sweater_(xs)_1_01_02_2022.jpg,not_drip,591,394,591_394,0.67,591_394
the_canada_sweater_(xs)_2_04_02_2022.jpg,not_drip,591,394,591_394,0.67,591_394
the_canoe_trip_graphic_sweater_(s)_3_30_01_2022.jpg,not_drip,591,394,591_394,0.67,591_394
the_carhartt_cap_1_01_02_2022.jpg,drip,591,394,591_394,0.67,591_394
the_carhartt_carpenter_trousers_(44x30)_2_29_01_2022.jpg,not_drip,591,394,591_394,0.67,591_394
the_carhartt_dungarees_(w32_x_l30)_1_01_02_2022.jpg,not_drip,591,394,591_394,0.67,591_394
the_carhartt_dungarees_(w36_x_l30)_1_18_02_2022.jpg,not_drip,591,394,591_394,0.67,591_394
"the_carhartt_jeans_(w30,l28)_1_29_01_2022.jpg",not_drip,591,394,591_394,0.67,591_394
the_carhartt_jeans_(w32_x_l32)_2_16_02_2022.jpg,not_drip,591,394,591_394,0.67,591_394
"the_carhartt_jeans_(w34,l30)_1_29_01_2022.jpg",drip,591,394,591_394,0.67,591_394
"the_carhartt_jeans_(w38,l34)_1_30_01_2022.jpg",not_drip,591,394,591_394,0.67,591_394
the_carhartt_jeans_(w38_x_l34)_2_16_02_2022.jpg,not_drip,591,394,591_394,0.67,591_394
"the_carhartt_jeans_(w40,l34)_1_30_01_2022.jpg",drip,591,394,591_394,0.67,591_394
the_carhartt_long_sleeved_tee_(3xl)_3_30_01_2022.jpg,not_drip,591,394,591_394,0.67,591_394
the_carhartt_trousers_(w38_x_l30)_2_16_02_2022.jpg,not_drip,591,394,591_394,0.67,591_394
the_carhartt_trousers_(w40_x_l34)_2_16_02_2022.jpg,not_drip,591,394,591_394,0.67,591_394
the_champion_american_football_tee_(xl)_1_11_02_2022.jpg,drip,591,394,591_394,0.67,591_394
the_champion_big_logo_hoodie_(l)_3_30_01_2022.jpg,not_drip,591,394,591_394,0.67,591_394
the_champion_big_logo_hoodie_(xs)_3_30_01_2022.jpg,not_drip,591,394,591_394,0.67,591_394
the_champion_embroidered_hoodie_(xs)_3_30_01_2022.jpg,not_drip,591,394,591_394,0.67,591_394
the_champion_embroidered_oriolles_tee_(l)_2_11_02_2022.jpg,drip,591,394,591_394,0.67,591_394
the_champion_embroidered_tee_(m)_2_01_02_2022.jpg,not_drip,591,394,591_394,0.67,591_394
the_champion_gongoza_football_tee_(xl)_1_11_02_2022.jpg,not_drip,591,394,591_394,0.67,591_394
the_champion_mit_college_hoodie_(l)_1_01_02_2022.jpg,not_drip,591,394,591_394,0.67,591_394
the_champion_njit_tee_(l)_2_11_02_2022.jpg,drip,591,394,591_394,0.67,591_394
the_champion_notre_dame_fightin_irish_tee_(m)_3_11_02_2022.jpg,not_drip,591,394,591_394,0.67,591_394
the_champion_notre_dame_tee_(l)_1_11_02_2022.jpg,drip,591,394,591_394,0.67,591_394
the_champion_sweater_(l)_3_11_02_2022.jpg,not_drip,591,394,591_394,0.67,591_394
the_champion_sweater_(m)_1_11_02_2022.jpg,not_drip,591,394,591_394,0.67,591_394
the_champion_sweater_(m)_2_18_02_2022.jpg,not_drip,591,394,591_394,0.67,591_394
the_champion_sweater_(s)_1_11_02_2022.jpg,not_drip,591,394,591_394,0.67,591_394
the_champion_sweater_(s)_1_16_02_2022.jpg,not_drip,591,394,591_394,0.67,591_394
the_champion_sweater_(s)_3_11_02_2022.jpg,not_drip,591,394,591_394,0.67,591_394
the_champion_tee_(m)_2_11_02_2022.jpg,not_drip,591,394,591_394,0.67,591_394
the_champion_tee_(m)_3_16_02_2022.jpg,not_drip,591,394,591_394,0.67,591_394
the_champion_tee_(s)_2_11_02_2022.jpg,not_drip,591,394,591_394,0.67,591_394
the_champion_tee_(xl)_1_11_02_2022.jpg,drip,591,394,591_394,0.67,591_394
the_champion_tee_(xl)_2_11_02_2022.jpg,drip,591,394,591_394,0.67,591_394
the_champion_tennessee_embroidered_tee_(s)_2_11_02_2022.jpg,not_drip,591,394,591_394,0.67,591_394
the_champion_tennessee_tech_mom_tee_(xl)_2_11_02_2022.jpg,drip,591,394,591_394,0.67,591_394
the_champion_tennessee_volunteers_tee_(m)_1_11_02_2022.jpg,drip,591,394,591_394,0.67,591_394
the_champion_vest_(l)_2_11_02_2022.jpg,not_drip,591,394,591_394,0.67,591_394
the_champion_vest_(xl)_1_11_02_2022.jpg,not_drip,591,394,591_394,0.67,591_394
the_champion_virginia_tech_alumni_tee_(s)_1_11_02_2022.jpg,not_drip,591,394,591_394,0.67,591_394
the_champion_washington_state_sweater_(m)_3_30_01_2022.jpg,drip,591,394,591_394,0.67,591_394
the_champion_welsh_sweater_(l)_1_01_02_2022.jpg,drip,591,394,591_394,0.67,591_394
the_classic_bomber_jacket_(s)_4_30_01_2022.jpg,not_drip,591,394,591_394,0.67,591_394
the_college_sweater_(s)_1_01_02_2022.jpg,not_drip,591,394,591_394,0.67,591_394
the_colorado_graphic_tee_(l)_3_30_01_2022.jpg,not_drip,591,394,591_394,0.67,591_394
the_columbia_checkered_shirt_(l)_1_04_02_2022.jpg,not_drip,591,394,591_394,0.67,591_394
the_country_jams_tee_(xl)_1_17_26_02_2022.jpg,not_drip,591,394,591_394,0.67,591_394
the_country_music_festival_tee_(l)_1_26_26_02_2022.jpg,not_drip,591,394,591_394,0.67,591_394
the_crest_tee_(xl)_4_31_01_2022.jpg,drip,591,394,591_394,0.67,591_394
the_cycling_sweater_(m)_1_44_26_02_2022.jpg,not_drip,591,394,591_394,0.67,591_394
the_dallas_condors_sweater_(m)_1_01_02_2022.jpg,not_drip,591,394,591_394,0.67,591_394
the_deer_camo_tee_(s)_4_30_01_2022.jpg,not_drip,591,394,591_394,0.67,591_394
the_denim_jacket_(l)_2_30_01_2022.jpg,not_drip,591,394,591_394,0.67,591_394
the_denim_jacket_(m)_2_30_01_2022.jpg,not_drip,591,394,591_394,0.67,591_394
the_dickies_874_trousers_(33x32)_2_29_01_2022.jpg,not_drip,591,394,591_394,0.67,591_394
the_dickies_boilersuit_(w38_long)_1_16_02_2022.jpg,not_drip,591,394,591_394,0.67,591_394
the_dickies_boilersuit_(xl_short)_1_16_02_2022.jpg,not_drip,591,394,591_394,0.67,591_394
the_dickies_carpenter_trousers_(34x34)_1_30_01_2022.jpg,not_drip,591,394,591_394,0.67,591_394
the_dickies_carpenter_trousers_(38x30)_1_30_01_2022.jpg,drip,591,394,591_394,0.67,591_394
the_dickies_carpenter_trousers_(40x30)_2_29_01_2022.jpg,not_drip,591,394,591_394,0.67,591_394
the_dickies_carpenter_trousers_(40x34)_2_29_01_2022.jpg,not_drip,591,394,591_394,0.67,591_394
the_dickies_dungarees_(w38_reg)_1_18_02_2022.jpg,not_drip,591,394,591_394,0.67,591_394
the_dickies_dungarees_(w50_x_l32)_1_16_02_2022.jpg,not_drip,591,394,591_394,0.67,591_394
the_dickies_jeans_(w36_x_l29)_2_30_01_2022.jpg,not_drip,591,394,591_394,0.67,591_394
the_dickies_jeans_(w38_x_l32)_2_16_02_2022.jpg,drip,591,394,591_394,0.67,591_394
the_dickies_shirt_(l)_1_04_02_2022.jpg,not_drip,591,394,591_394,0.67,591_394
the_dickies_sweater_(s)_3_11_02_2022.jpg,not_drip,591,394,591_394,0.67,591_394
the_dickies_thrasher_flame_tee_(s)_2_11_02_2022.jpg,not_drip,591,394,591_394,0.67,591_394
the_dickies_trousers_(w32_x_l30)_2_30_01_2022.jpg,drip,591,394,591_394,0.67,591_394
the_dickies_trousers_(w32_x_l32)_2_16_02_2022.jpg,drip,591,394,591_394,0.67,591_394
the_dickies_trousers_(w34_x_l34)_2_16_02_2022.jpg,drip,591,394,591_394,0.67,591_394
the_dickies_trousers_(w36_x_l30)_2_30_01_2022.jpg,not_drip,591,394,591_394,0.67,591_394
the_dickies_trousers_(w36_x_l32)_2_16_02_2022.jpg,not_drip,591,394,591_394,0.67,591_394
the_dickies_trousers_(w38_x_l29)_2_16_02_2022.jpg,not_drip,591,394,591_394,0.67,591_394
the_dickies_trousers_(w38_x_l32)_2_16_02_2022.jpg,not_drip,591,394,591_394,0.67,591_394
the_dickies_trousers_(w38_x_l36)_3_31_01_2022.jpg,not_drip,591,394,591_394,0.67,591_394
the_dior_striped_shirt_(m)_1_29_01_2022.jpg,not_drip,591,394,591_394,0.67,591_394
the_disneyland_sweater_(m)_3_11_02_2022.jpg,not_drip,591,394,591_394,0.67,591_394
the_dragon_tie_dye_tee_(xl)_4_29_01_2022.jpg,not_drip,591,394,591_394,0.67,591_394
the_eagle_graphic_tee_(xl)_5_30_01_2022.jpg,not_drip,591,394,591_394,0.67,591_394
the_eagle_peak_sweater_(m)_2_04_02_2022.jpg,not_drip,591,394,591_394,0.67,591_394
the_eagle_sweater_(l)_2_04_02_2022.jpg,not_drip,591,394,591_394,0.67,591_394
the_eeyore_sweater_(s)_2_16_02_2022.jpg,not_drip,591,394,591_394,0.67,591_394
the_ellesse_sweater_(s)_3_11_02_2022.jpg,not_drip,591,394,591_394,0.67,591_394
the_embroidered_baseball_long_sleeved_tee_(xl)_4_31_01_2022.jpg,not_drip,591,394,591_394,0.67,591_394
the_embroidered_denim_jacket_(m)_2_30_01_2022.jpg,not_drip,591,394,591_394,0.67,591_394
the_embroidered_denim_jacket_(xl)_2_30_01_2022.jpg,not_drip,591,394,591_394,0.67,591_394
the_embroidered_house_fleece_sweater_(s)_2_30_01_2022.jpg,not_drip,591,394,591_394,0.67,591_394
the_embroidered_korea_bomber_jacket_(s)_4_31_01_2022.jpg,not_drip,591,394,591_394,0.67,591_394
the_embroidered_washington_tee_(m)_4_30_01_2022.jpg,not_drip,591,394,591_394,0.67,591_394
the_emporio_armani_tee_(m)_3_01_02_2022.jpg,not_drip,591,394,591_394,0.67,591_394
the_expedition_sweater_(xs)_2_04_02_2022.jpg,not_drip,591,394,591_394,0.67,591_394
the_fila_big_logo_tee_(m)_4_29_01_2022.jpg,drip,591,394,591_394,0.67,591_394
the_fila_embroidered_big_logo_hoodie_(m)_4_29_01_2022.jpg,not_drip,591,394,591_394,0.67,591_394
the_fila_puffer_gilet_(s)_3_31_01_2022.jpg,not_drip,591,394,591_394,0.67,591_394
the_fila_puffer_jacket_(m)_3_31_01_2022.jpg,not_drip,591,394,591_394,0.67,591_394
the_fila_puffer_jacket_(xl)_3_31_01_2022.jpg,not_drip,591,394,591_394,0.67,591_394
the_fila_rain_coat_(xl)_1_31_01_2022.jpg,not_drip,591,394,591_394,0.67,591_394
the_fila_sweater_(s)_1_16_02_2022.jpg,not_drip,591,394,591_394,0.67,591_394
the_fish_graphic_tee_(l)_1_18_02_2022.jpg,not_drip,591,394,591_394,0.67,591_394
the_fish_tale_tee_(s)_1_18_26_02_2022.jpg,not_drip,591,394,591_394,0.67,591_394
the_florida_sweater_(s)_2_01_02_2022.jpg,not_drip,591,394,591_394,0.67,591_394
the_flower_sweater_(m)_2_01_02_2022.jpg,not_drip,591,394,591_394,0.67,591_394
the_flower_tee_(m)_1_34_26_02_2022.jpg,not_drip,591,394,591_394,0.67,591_394
the_flower_tee_(s)_1_2_26_02_2022.jpg,not_drip,591,394,591_394,0.67,591_394
the_football_sweater_(m)_2_04_02_2022.jpg,not_drip,591,394,591_394,0.67,591_394
the_ford_sweater_(m)_1_40_26_02_2022.jpg,not_drip,591,394,591_394,0.67,591_394
the_forest_graphic_sweater_(s)_1_30_01_2022.jpg,not_drip,591,394,591_394,0.67,591_394
the_fred_perry_polo_shirt_(l)_3_01_02_2022.jpg,not_drip,591,394,591_394,0.67,591_394
the_fred_perry_polo_shirt_(l)_4_04_02_2022.jpg,not_drip,591,394,591_394,0.67,591_394
the_fred_perry_polo_shirt_(xxl)_3_01_02_2022.jpg,not_drip,591,394,591_394,0.67,591_394
the_fred_perry_striped_shirt_(l)_5_29_01_2022.jpg,not_drip,591,394,591_394,0.67,591_394
the_fred_perry_tee_(l)_3_01_02_2022.jpg,not_drip,591,394,591_394,0.67,591_394
the_fred_perry_tee_(m)_3_01_02_2022.jpg,not_drip,591,394,591_394,0.67,591_394
the_fred_perry_tee_(s)_3_01_02_2022.jpg,not_drip,591,394,591_394,0.67,591_394
the_gap_big_logo_hoodie_(xs)_5_29_01_2022.jpg,not_drip,591,394,591_394,0.67,591_394
the_gap_fleece_hoodie_(s)_2_01_02_2022.jpg,not_drip,591,394,591_394,0.67,591_394
the_gia_club_graphic_sweater_(s)_2_04_02_2022.jpg,not_drip,591,394,591_394,0.67,591_394
the_givenchy_checkered_shirt_(xl)_1_29_01_2022.jpg,not_drip,591,394,591_394,0.67,591_394
the_givenchy_shirt_(l)_4_29_01_2022.jpg,not_drip,591,394,591_394,0.67,591_394
the_givenchy_shirt_(m)_6_29_01_2022.jpg,not_drip,591,394,591_394,0.67,591_394
the_givenchy_shirt_(xl)_4_29_01_2022.jpg,not_drip,591,394,591_394,0.67,591_394
the_golf_club_embroidered_fleece_(xl)_4_30_01_2022.jpg,drip,591,394,591_394,0.67,591_394
the_golf_croc_sweater_(m)_2_04_02_2022.jpg,not_drip,591,394,591_394,0.67,591_394
the_golf_graphic_sweater_(xs)_1_01_02_2022.jpg,not_drip,591,394,591_394,0.67,591_394
the_golf_sweater_(l)_2_04_02_2022.jpg,not_drip,591,394,591_394,0.67,591_394
the_golf_sweater_(l)_3_11_02_2022.jpg,not_drip,591,394,591_394,0.67,591_394
the_golf_sweater_(m)_2_01_02_2022.jpg,not_drip,591,394,591_394,0.67,591_394
the_golf_sweater_(m)_2_04_02_2022.jpg,not_drip,591,394,591_394,0.67,591_394
the_golf_sweater_(s)_1_01_02_2022.jpg,not_drip,591,394,591_394,0.67,591_394
the_golf_sweater_(s)_1_30_01_2022.jpg,not_drip,591,394,591_394,0.67,591_394
the_graphic_rat_sweater_(xl)_3_29_01_2022.jpg,drip,591,394,591_394,0.67,591_394
the_graphic_ski_sweater_(xs)_1_01_02_2022.jpg,not_drip,591,394,591_394,0.67,591_394
the_graphic_sport_sweater_(xs)_2_30_01_2022.jpg,not_drip,591,394,591_394,0.67,591_394
the_grateful_dead_tie_dye_tee_(l)_1_22_26_02_2022.jpg,drip,591,394,591_394,0.67,591_394
the_hard_rock_cafe_rome_tee_(xl)_2_11_02_2022.jpg,drip,591,394,591_394,0.67,591_394
the_helly_hansen_puffer_gilet_(xl)_4_29_01_2022.jpg,not_drip,591,394,591_394,0.67,591_394
the_helly_hansen_sweater_(m)_3_11_02_2022.jpg,not_drip,591,394,591_394,0.67,591_394
the_hell_angels_sweater_(l)_2_04_02_2022.jpg,not_drip,591,394,591_394,0.67,591_394
the_hilfiger_checkered_shirt_(s)_1_30_01_2022.jpg,not_drip,591,394,591_394,0.67,591_394
the_hilfiger_checkered_shirt_(xs)_3_30_01_2022.jpg,not_drip,591,394,591_394,0.67,591_394
the_hilfiger_checker_shirt_(l)_3_31_01_2022.jpg,not_drip,591,394,591_394,0.67,591_394
the_hilfiger_check_shirt_(xl)_1_11_02_2022.jpg,not_drip,591,394,591_394,0.67,591_394
the_hilfiger_jumper_(s)_5_29_01_2022.jpg,not_drip,591,394,591_394,0.67,591_394
the_hilfiger_shirt_(xl)_1_04_02_2022.jpg,not_drip,591,394,591_394,0.67,591_394
the_hilfiger_shirt_(xl)_1_11_02_2022.jpg,not_drip,591,394,591_394,0.67,591_394
the_hilfiger_shirt_(xs)_1_04_02_2022.jpg,not_drip,591,394,591_394,0.67,591_394
the_hilfiger_striped_shirt_(s)_1_04_02_2022.jpg,not_drip,591,394,591_394,0.67,591_394
the_hilfiger_striped_shirt_(xl)_1_04_02_2022.jpg,not_drip,591,394,591_394,0.67,591_394
the_hilfiger_sweater_(s)_1_16_02_2022.jpg,not_drip,591,394,591_394,0.67,591_394
the_hip_hop_sport_sweater_(s)_3_31_01_2022.jpg,not_drip,591,394,591_394,0.67,591_394
the_hofstra_university_sweater_(m)_1_16_02_2022.jpg,not_drip,591,394,591_394,0.67,591_394
the_horse_sweater_(s)_2_01_02_2022.jpg,not_drip,591,394,591_394,0.67,591_394
the_hugo_boss_hoodie_(xl)_1_16_02_2022.jpg,not_drip,591,394,591_394,0.67,591_394
the_hugo_boss_shirt_(xl)_4_29_01_2022.jpg,not_drip,591,394,591_394,0.67,591_394
the_hunting_tee_(l)_4_30_01_2022.jpg,not_drip,591,394,591_394,0.67,591_394
the_hurry_up_sweater_(m)_2_01_02_2022.jpg,not_drip,591,394,591_394,0.67,591_394
the_husky_graphic_sweater_(xl)_2_30_01_2022.jpg,not_drip,591,394,591_394,0.67,591_394
the_ice_hockey_sweater_(l)_2_30_01_2022.jpg,not_drip,591,394,591_394,0.67,591_394
the_ice_hockey_sweater_(s)_2_04_02_2022.jpg,not_drip,591,394,591_394,0.67,591_394
the_igloo_rugby_(l)_1_30_01_2022.jpg,not_drip,591,394,591_394,0.67,591_394
the_inter_milan_scarf_2_30_01_2022.jpg,not_drip,591,394,591_394,0.67,591_394
the_iron_maiden_band_tee_(s)_4_31_01_2022.jpg,not_drip,591,394,591_394,0.67,591_394
the_jazzy_fleece_(m)_4_30_01_2022.jpg,not_drip,591,394,591_394,0.67,591_394
the_jimmy_johns_sandwich_shop_tee_(m)_5_30_01_2022.jpg,not_drip,591,394,591_394,0.67,591_394
the_jogging_sweater_(s)_4_30_01_2022.jpg,not_drip,591,394,591_394,0.67,591_394
the_jungle_explorer_sweater_tee_(l)_2_01_02_2022.jpg,not_drip,591,394,591_394,0.67,591_394
the_kangaroo_tee_(l)_1_9_26_02_2022.jpg,not_drip,591,394,591_394,0.67,591_394
the_kangol_fleece_(s)_2_30_01_2022.jpg,not_drip,591,394,591_394,0.67,591_394
the_kangol_jacket_(m)_2_30_01_2022.jpg,not_drip,591,394,591_394,0.67,591_394
the_kangol_shirt_(s)_1_04_02_2022.jpg,not_drip,591,394,591_394,0.67,591_394
the_kappa_canada_hockey_sweater_(l)_3_30_01_2022.jpg,not_drip,591,394,591_394,0.67,591_394
the_kappa_sweater_(xs)_3_11_02_2022.jpg,not_drip,591,394,591_394,0.67,591_394
the_karate_tee_(m)_1_3_26_02_2022.jpg,not_drip,591,394,591_394,0.67,591_394
the_kayak_sweater_(m)_1_01_02_2022.jpg,not_drip,591,394,591_394,0.67,591_394
the_lacoste_checkered_shirt_(l)_1_30_01_2022.jpg,not_drip,591,394,591_394,0.67,591_394
the_lacoste_check_shirt_(m)_3_31_01_2022.jpg,not_drip,591,394,591_394,0.67,591_394
the_lacoste_check_shirt_(s)_1_04_02_2022.jpg,not_drip,591,394,591_394,0.67,591_394
the_lacoste_coat_(xl)_2_29_01_2022.jpg,not_drip,591,394,591_394,0.67,591_394
the_lacoste_long_sleeved_polo_(s)_2_11_02_2022.jpg,drip,591,394,591_394,0.67,591_394
the_lacoste_polo_shirt_(m)_3_01_02_2022.jpg,not_drip,591,394,591_394,0.67,591_394
the_lacoste_polo_shirt_(s)_3_01_02_2022.jpg,not_drip,591,394,591_394,0.67,591_394
the_lacoste_polo_shirt_(xl)_3_01_02_2022.jpg,not_drip,591,394,591_394,0.67,591_394
the_lacoste_shirt_(xxl)_1_11_02_2022.jpg,not_drip,591,394,591_394,0.67,591_394
the_lacoste_striped_shirt_(m)_1_29_01_2022.jpg,not_drip,591,394,591_394,0.67,591_394
the_lacoste_sweater_(s)_3_11_02_2022.jpg,not_drip,591,394,591_394,0.67,591_394
the_lake_belle_taine_embroidered_graphic_sweater_(l)_5_29_01_2022.jpg,not_drip,591,394,591_394,0.67,591_394
the_led_zeppelin_tee_(s)_1_33_26_02_2022.jpg,not_drip,591,394,591_394,0.67,591_394
the_lee_green_bay_packers_sweater_(xl)_2_01_02_2022.jpg,not_drip,591,394,591_394,0.67,591_394
the_lee_wisconsin_badgers_embroidered_sweater_(l)_1_01_02_2022.jpg,not_drip,591,394,591_394,0.67,591_394
the_levi's_501_jeans_(38x26)_2_29_01_2022.jpg,not_drip,591,394,591_394,0.67,591_394
the_levi's_embroidered_shirt_(m)_2_31_01_2022.jpg,not_drip,591,394,591_394,0.67,591_394
the_levi's_sweater_(l)_3_11_02_2022.jpg,not_drip,591,394,591_394,0.67,591_394
the_le_coq_sportif_sweater_(l)_2_01_02_2022.jpg,drip,591,394,591_394,0.67,591_394
the_lined_denim_jacket_(xl)_4_29_01_2022.jpg,not_drip,591,394,591_394,0.67,591_394
the_lined_denim_jacket_(xxl)_2_30_01_2022.jpg,not_drip,591,394,591_394,0.67,591_394
the_little_mermaid_sweater_(m)_2_16_02_2022.jpg,not_drip,591,394,591_394,0.67,591_394
the_lockport_new_york_tee_(xxl)_1_30_26_02_2022.jpg,not_drip,591,394,591_394,0.67,591_394
the_lotto_sweater_(m)_1_16_02_2022.jpg,not_drip,591,394,591_394,0.67,591_394
the_ma-1_style_bomber_jacket_(m)_4_30_01_2022.jpg,not_drip,591,394,591_394,0.67,591_394
the_mammoth_site_tee_(xl)_1_19_26_02_2022.jpg,not_drip,591,394,591_394,0.67,591_394
the_marbella_sweater_(s)_1_29_01_2022.jpg,not_drip,591,394,591_394,0.67,591_394
the_marlboro_classics_rugby_style_sweater_(xl)_5_29_01_2022.jpg,not_drip,591,394,591_394,0.67,591_394
the_marvel_fantastic_4_graphic_tee_(l)_4_31_01_2022.jpg,not_drip,591,394,591_394,0.67,591_394
the_marvel_the_punisher_graphic_tee_(l)_4_31_01_2022.jpg,not_drip,591,394,591_394,0.67,591_394
the_mercedes_sweater_(l)_3_11_02_2022.jpg,not_drip,591,394,591_394,0.67,591_394
the_metallica_band_tee_(xxl)_2_11_02_2022.jpg,not_drip,591,394,591_394,0.67,591_394
the_mexico_vest_(l)_1_14_26_02_2022.jpg,not_drip,591,394,591_394,0.67,591_394
the_michigan_state_sweater_(xs)_1_11_02_2022.jpg,not_drip,591,394,591_394,0.67,591_394
the_mickey_and_minnie_school_graphic_sweater_(m)_3_30_01_2022.jpg,not_drip,591,394,591_394,0.67,591_394
the_mickey_sweater_(m)_3_30_01_2022.jpg,not_drip,591,394,591_394,0.67,591_394
the_mickey_sweater_(s)_2_16_02_2022.jpg,not_drip,591,394,591_394,0.67,591_394
the_mickey_sweater_(s)_2_18_02_2022.jpg,not_drip,591,394,591_394,0.67,591_394
the_mickey_sweater_(xl)_3_11_02_2022.jpg,not_drip,591,394,591_394,0.67,591_394
the_mickey_sweater_(xs)_3_11_02_2022.jpg,not_drip,591,394,591_394,0.67,591_394
the_mickey_university_varsity_cardigan_(m)_3_30_01_2022.jpg,not_drip,591,394,591_394,0.67,591_394
the_minnesota_baseball_sweater_(m)_1_36_26_02_2022.jpg,not_drip,591,394,591_394,0.67,591_394
the_minnie_mouse_graphic_sweater_(m)_3_30_01_2022.jpg,not_drip,591,394,591_394,0.67,591_394
the_minnie_mouse_sweater_(m)_3_11_02_2022.jpg,not_drip,591,394,591_394,0.67,591_394
the_monogrammed_versace_shirt_(xl)_1_04_02_2022.jpg,not_drip,591,394,591_394,0.67,591_394
the_moose_tee_(l)_1_11_26_02_2022.jpg,not_drip,591,394,591_394,0.67,591_394
the_mountain_sweater_(l)_1_30_01_2022.jpg,not_drip,591,394,591_394,0.67,591_394
the_naf_naf_embroidered_sweater_(xs)_3_30_01_2022.jpg,not_drip,591,394,591_394,0.67,591_394
the_naf_naf_fisherman_sweater_(s)_1_01_02_2022.jpg,drip,591,394,591_394,0.67,591_394
the_naf_naf_sweater_(l)_2_16_02_2022.jpg,not_drip,591,394,591_394,0.67,591_394
the_naf_naf_sweater_(l)_3_11_02_2022.jpg,not_drip,591,394,591_394,0.67,591_394
the_naf_naf_tie_dye_embroidered_sweater_(s)_3_30_01_2022.jpg,not_drip,591,394,591_394,0.67,591_394
the_nana_graphic_sweater_(xxl)_5_29_01_2022.jpg,not_drip,591,394,591_394,0.67,591_394
the_nascar_shirt_(xs)_2_31_01_2022.jpg,not_drip,591,394,591_394,0.67,591_394
the_nautica_checkered_shirt_(xl)_3_30_01_2022.jpg,not_drip,591,394,591_394,0.67,591_394
the_nautica_graphic_tee_(xl)_3_11_02_2022.jpg,not_drip,591,394,591_394,0.67,591_394
the_nautica_shirt_(xl)_2_04_02_2022.jpg,not_drip,591,394,591_394,0.67,591_394
the_nautica_tee_(xl)_2_11_02_2022.jpg,not_drip,591,394,591_394,0.67,591_394
the_nautica_tee_(xs)_2_11_02_2022.jpg,not_drip,591,394,591_394,0.67,591_394
the_nba_dallas_basketball_vest_(m)_2_11_02_2022.jpg,not_drip,591,394,591_394,0.67,591_394
the_nebraska_sweater_(l)_1_30_01_2022.jpg,not_drip,591,394,591_394,0.67,591_394
the_new_generation_sweater_(m)_2_01_02_2022.jpg,not_drip,591,394,591_394,0.67,591_394
the_new_orleans_tee_(xl)_3_01_02_2022.jpg,not_drip,591,394,591_394,0.67,591_394
the_new_season_sweater_(m)_2_01_02_2022.jpg,not_drip,591,394,591_394,0.67,591_394
the_new_york_graphic_souvenir_tee_(m)_4_30_01_2022.jpg,not_drip,591,394,591_394,0.67,591_394
the_nfl_green_bay_packers_sweater_(l)_3_11_02_2022.jpg,not_drip,591,394,591_394,0.67,591_394
the_nfl_los_angeles_rams_tee_(m)_1_11_02_2022.jpg,not_drip,591,394,591_394,0.67,591_394
the_nfl_patriots_tom_brady_tie_dye_tee_(l)_1_11_02_2022.jpg,not_drip,591,394,591_394,0.67,591_394
the_nfl_steelers_tee_(m)_3_11_02_2022.jpg,drip,591,394,591_394,0.67,591_394
the_nfl_superbowl_patriots_tee_(l)_1_11_02_2022.jpg,drip,591,394,591_394,0.67,591_394
the_nike_air_jordan_tee_(l)_1_11_02_2022.jpg,not_drip,591,394,591_394,0.67,591_394
the_nike_basketball_sweater_(s)_2_16_02_2022.jpg,not_drip,591,394,591_394,0.67,591_394
the_nike_dallas_cowboys_tee_(xl)_1_11_02_2022.jpg,drip,591,394,591_394,0.67,591_394
the_nike_fleece_beanie_(one_size)_2_30_01_2022.jpg,not_drip,591,394,591_394,0.67,591_394
the_nike_full_zip_hoodie_(s)_2_30_01_2022.jpg,not_drip,591,394,591_394,0.67,591_394
the_nike_hoodie_(l)_2_04_02_2022.jpg,drip,591,394,591_394,0.67,591_394
the_nike_patriots_tee_(xxl)_3_11_02_2022.jpg,not_drip,591,394,591_394,0.67,591_394
the_nike_portland_tee_(xl)_1_11_02_2022.jpg,drip,591,394,591_394,0.67,591_394
the_nike_sweater_(m)_1_16_02_2022.jpg,not_drip,591,394,591_394,0.67,591_394
the_nike_sweater_(m)_1_39_26_02_2022.jpg,not_drip,591,394,591_394,0.67,591_394
the_nike_sweater_(s)_1_37_26_02_2022.jpg,not_drip,591,394,591_394,0.67,591_394
the_nike_sweater_(s)_1_42_26_02_2022.jpg,not_drip,591,394,591_394,0.67,591_394
the_nike_sweater_(s)_1_43_26_02_2022.jpg,drip,591,394,591_394,0.67,591_394
the_nike_sweater_(s)_1_46_26_02_2022.jpg,drip,591,394,591_394,0.67,591_394
the_nike_sweater_(s)_3_11_02_2022.jpg,not_drip,591,394,591_394,0.67,591_394
the_nike_sweater_(xs)_3_11_02_2022.jpg,not_drip,591,394,591_394,0.67,591_394
the_nike_tee_(l)_3_01_02_2022.jpg,drip,591,394,591_394,0.67,591_394
the_nike_tee_(l)_3_29_01_2022.jpg,drip,591,394,591_394,0.67,591_394
the_nike_tee_(s)_3_01_02_2022.jpg,not_drip,591,394,591_394,0.67,591_394
the_nike_tee_(xl)_2_11_02_2022.jpg,drip,591,394,591_394,0.67,591_394
the_nike_tee_(xl)_3_01_02_2022.jpg,drip,591,394,591_394,0.67,591_394
the_nike_trousers_(32x30)_2_29_01_2022.jpg,not_drip,591,394,591_394,0.67,591_394
the_north_face_tee_(s)_1_11_02_2022.jpg,not_drip,591,394,591_394,0.67,591_394
the_north_pole_graphic_sweater_(s)_3_29_01_2022.jpg,not_drip,591,394,591_394,0.67,591_394
the_ny_yankees_jeter_tee_(l)_1_11_02_2022.jpg,drip,591,394,591_394,0.67,591_394
the_objective_spell_out_sweater_(l)_1_30_01_2022.jpg,drip,591,394,591_394,0.67,591_394
the_olympics_usa_fleece_(m)_4_30_01_2022.jpg,not_drip,591,394,591_394,0.67,591_394
the_ozark_mountain_sweater_(l)_1_01_02_2022.jpg,drip,591,394,591_394,0.67,591_394
the_pacific_ocean_tee_(l)_1_16_26_02_2022.jpg,drip,591,394,591_394,0.67,591_394
the_paddy_irish_whiskey_sweater_(s)_2_01_02_2022.jpg,not_drip,591,394,591_394,0.67,591_394
the_painted_flowers_tee_(xl)_1_20_26_02_2022.jpg,drip,591,394,591_394,0.67,591_394
the_paris_college_hoodie_(xl)_3_29_01_2022.jpg,drip,591,394,591_394,0.67,591_394
the_paris_sweater_(xs)_1_01_02_2022.jpg,not_drip,591,394,591_394,0.67,591_394
the_parrot_pirate_tee_(l)_1_24_26_02_2022.jpg,not_drip,591,394,591_394,0.67,591_394
the_patterned_fleece_(m)_3_31_01_2022.jpg,not_drip,591,394,591_394,0.67,591_394
the_patterned_fleece_(s)_4_30_01_2022.jpg,not_drip,591,394,591_394,0.67,591_394
the_patterned_fleece_(xs)_4_30_01_2022.jpg,not_drip,591,394,591_394,0.67,591_394
the_patterned_jumper_(l)_4_30_01_2022.jpg,not_drip,591,394,591_394,0.67,591_394
the_paul_&_shark_checkered_shirt_(l)_1_30_01_2022.jpg,not_drip,591,394,591_394,0.67,591_394
the_paul_&_shark_checkered_shirt_(xl)_1_30_01_2022.jpg,not_drip,591,394,591_394,0.67,591_394
the_paul_&_shark_shirt_(4xl)_1_01_02_2022.jpg,not_drip,591,394,591_394,0.67,591_394
the_paul_&_shark_shirt_(l)_1_30_01_2022.jpg,not_drip,591,394,591_394,0.67,591_394
the_paul_&_shark_shirt_(xl)_1_04_02_2022.jpg,not_drip,591,394,591_394,0.67,591_394
the_paul_&_shark_shirt_(xl)_1_30_01_2022.jpg,not_drip,591,394,591_394,0.67,591_394
the_paul_and_shark_shirt_(l)_1_04_02_2022.jpg,not_drip,591,394,591_394,0.67,591_394
the_penguin_graphic_turtle_neck_sweater_(m)_1_30_01_2022.jpg,not_drip,591,394,591_394,0.67,591_394
the_pilot_graphic_tee_(m)_4_30_01_2022.jpg,not_drip,591,394,591_394,0.67,591_394
the_pink_floyd_tee_(l)_1_15_26_02_2022.jpg,not_drip,591,394,591_394,0.67,591_394
the_pirate_tee_(l)_1_10_26_02_2022.jpg,drip,591,394,591_394,0.67,591_394
the_pittsburgh_pirates_tee_(xl)_1_11_02_2022.jpg,drip,591,394,591_394,0.67,591_394
the_plaid_fleece_(xl)_4_30_01_2022.jpg,not_drip,591,394,591_394,0.67,591_394
the_plaid_shirt_(l)_4_29_01_2022.jpg,not_drip,591,394,591_394,0.67,591_394
the_playboy_striped_shirt_(m)_1_04_02_2022.jpg,not_drip,591,394,591_394,0.67,591_394
the_playboy_sweater_(xs)_1_16_02_2022.jpg,not_drip,591,394,591_394,0.67,591_394
the_poivre_blanc_graphic_sweater_(l)_1_01_02_2022.jpg,not_drip,591,394,591_394,0.67,591_394
the_poivre_blanc_sweater_(s)_2_04_02_2022.jpg,not_drip,591,394,591_394,0.67,591_394
the_polar_bear_sweater_(s)_1_29_01_2022.jpg,not_drip,591,394,591_394,0.67,591_394
the_polar_bear_tee_(l)_1_13_26_02_2022.jpg,not_drip,591,394,591_394,0.67,591_394
the_polo_club_sweater_(s)_2_16_02_2022.jpg,not_drip,591,394,591_394,0.67,591_394
the_pont_du_arc_graphic_souvenir_sweater_(s)_3_30_01_2022.jpg,not_drip,591,394,591_394,0.67,591_394
the_postcard_sweater_(m)_1_41_26_02_2022.jpg,not_drip,591,394,591_394,0.67,591_394
the_puma_hoodie_(xl)_2_16_02_2022.jpg,not_drip,591,394,591_394,0.67,591_394
the_puma_sweater_(m)_1_16_02_2022.jpg,not_drip,591,394,591_394,0.67,591_394
the_puma_sweater_(m)_2_16_02_2022.jpg,not_drip,591,394,591_394,0.67,591_394
the_puma_sweater_(m)_3_11_02_2022.jpg,not_drip,591,394,591_394,0.67,591_394
the_puma_sweater_(s)_2_16_02_2022.jpg,not_drip,591,394,591_394,0.67,591_394
the_puma_sweater_(xs)_1_16_02_2022.jpg,not_drip,591,394,591_394,0.67,591_394
the_quebec_sweater_(xs)_2_30_01_2022.jpg,not_drip,591,394,591_394,0.67,591_394
the_quiet_professionals_graphic_logo_tee_(xxl)_4_31_01_2022.jpg,drip,591,394,591_394,0.67,591_394
the_quiksilver_sweater_(m)_2_16_02_2022.jpg,not_drip,591,394,591_394,0.67,591_394
the_quiksilver_tee_(m)_1_11_02_2022.jpg,drip,591,394,591_394,0.67,591_394
the_quiksilver_tee_(m)_3_11_02_2022.jpg,not_drip,591,394,591_394,0.67,591_394
the_racer_sweater_(m)_1_29_01_2022.jpg,not_drip,591,394,591_394,0.67,591_394
the_rainforest_cafe_orlando_tee_(m)_1_1_26_02_2022.jpg,not_drip,591,394,591_394,0.67,591_394
the_ralph_lauren_blake_shirt_(m)_2_11_02_2022.jpg,not_drip,591,394,591_394,0.67,591_394
the_ralph_lauren_chaps_shirt_(l)_4_29_01_2022.jpg,not_drip,591,394,591_394,0.67,591_394
the_ralph_lauren_checkered_shirt_(l)_1_01_02_2022.jpg,not_drip,591,394,591_394,0.67,591_394
the_ralph_lauren_checkered_shirt_(l)_1_04_02_2022.jpg,not_drip,591,394,591_394,0.67,591_394
the_ralph_lauren_checkered_shirt_(l)_1_29_01_2022.jpg,not_drip,591,394,591_394,0.67,591_394
the_ralph_lauren_checkered_shirt_(l)_2_04_02_2022.jpg,not_drip,591,394,591_394,0.67,591_394
the_ralph_lauren_checkered_shirt_(m)_2_11_02_2022.jpg,not_drip,591,394,591_394,0.67,591_394
the_ralph_lauren_checkered_shirt_(xl)_1_01_02_2022.jpg,not_drip,591,394,591_394,0.67,591_394
the_ralph_lauren_checkered_shirt_(xl)_1_29_01_2022.jpg,not_drip,591,394,591_394,0.67,591_394
the_ralph_lauren_checkered_shirt_(xl)_2_01_02_2022.jpg,not_drip,591,394,591_394,0.67,591_394
the_ralph_lauren_checkered_shirt_(xxl)_1_30_01_2022.jpg,not_drip,591,394,591_394,0.67,591_394
the_ralph_lauren_checkered_shirt_(xxl)_2_31_01_2022.jpg,not_drip,591,394,591_394,0.67,591_394
the_ralph_lauren_check_classic_fit_shirt_(l)_1_11_02_2022.jpg,not_drip,591,394,591_394,0.67,591_394
the_ralph_lauren_classic_fit_shirt_(m)_2_11_02_2022.jpg,not_drip,591,394,591_394,0.67,591_394
the_ralph_lauren_classic_fit_shirt_(xl)_1_11_02_2022.jpg,not_drip,591,394,591_394,0.67,591_394
the_ralph_lauren_classic_fit_striped_shirt_(m)_2_11_02_2022.jpg,not_drip,591,394,591_394,0.67,591_394
the_ralph_lauren_denim_look_shirt_(s)_2_11_02_2022.jpg,not_drip,591,394,591_394,0.67,591_394
the_ralph_lauren_gingham_shirt_(s)_1_04_02_2022.jpg,not_drip,591,394,591_394,0.67,591_394
the_ralph_lauren_polo_shirt_(l)_3_01_02_2022.jpg,not_drip,591,394,591_394,0.67,591_394
the_ralph_lauren_polo_shirt_(m)_3_01_02_2022.jpg,not_drip,591,394,591_394,0.67,591_394
the_ralph_lauren_polo_shirt_(m)_4_04_02_2022.jpg,not_drip,591,394,591_394,0.67,591_394
the_ralph_lauren_polo_shirt_(s)_3_01_02_2022.jpg,not_drip,591,394,591_394,0.67,591_394
the_ralph_lauren_polo_shirt_(xl)_2_01_02_2022.jpg,not_drip,591,394,591_394,0.67,591_394
the_ralph_lauren_polo_shirt_(xl)_3_01_02_2022.jpg,not_drip,591,394,591_394,0.67,591_394
the_ralph_lauren_polo_shirt_(xxl)_3_01_02_2022.jpg,not_drip,591,394,591_394,0.67,591_394
the_ralph_lauren_shirt_(l)_1_04_02_2022.jpg,not_drip,591,394,591_394,0.67,591_394
the_ralph_lauren_shirt_(l)_1_30_01_2022.jpg,not_drip,591,394,591_394,0.67,591_394
the_ralph_lauren_shirt_(l)_2_11_02_2022.jpg,not_drip,591,394,591_394,0.67,591_394
the_ralph_lauren_shirt_(m)_2_01_02_2022.jpg,not_drip,591,394,591_394,0.67,591_394
the_ralph_lauren_shirt_(xl)_1_04_02_2022.jpg,not_drip,591,394,591_394,0.67,591_394
the_ralph_lauren_shirt_(xl)_4_29_01_2022.jpg,not_drip,591,394,591_394,0.67,591_394
the_ralph_lauren_shirt_(xs)_1_04_02_2022.jpg,not_drip,591,394,591_394,0.67,591_394
the_ralph_lauren_shirt_(xxl)_1_30_01_2022.jpg,not_drip,591,394,591_394,0.67,591_394
the_ralph_lauren_shirt_(xxl)_3_30_01_2022.jpg,not_drip,591,394,591_394,0.67,591_394
the_ralph_lauren_slim_fit_shirt_(xl)_1_11_02_2022.jpg,not_drip,591,394,591_394,0.67,591_394
the_ralph_lauren_striped_polo_shirt_(xl)_3_01_02_2022.jpg,not_drip,591,394,591_394,0.67,591_394
the_ralph_lauren_striped_shirt_(l)_1_01_02_2022.jpg,not_drip,591,394,591_394,0.67,591_394
the_ralph_lauren_striped_shirt_(l)_1_04_02_2022.jpg,not_drip,591,394,591_394,0.67,591_394
the_ralph_lauren_striped_shirt_(l)_1_11_02_2022.jpg,not_drip,591,394,591_394,0.67,591_394
the_ralph_lauren_striped_shirt_(l)_2_16_02_2022.jpg,not_drip,591,394,591_394,0.67,591_394
the_ralph_lauren_striped_shirt_(m)_1_04_02_2022.jpg,not_drip,591,394,591_394,0.67,591_394
the_ralph_lauren_striped_shirt_(xl)_1_29_01_2022.jpg,not_drip,591,394,591_394,0.67,591_394
the_ralph_lauren_striped_shirt_(xxl)_3_30_01_2022.jpg,not_drip,591,394,591_394,0.67,591_394
the_ralph_lauren_striped_yarmouth_shirt_(xl)_1_11_02_2022.jpg,not_drip,591,394,591_394,0.67,591_394
the_ralph_lauren_sweater_(m)_3_11_02_2022.jpg,not_drip,591,394,591_394,0.67,591_394
the_ralph_lauren_sweater_(s)_3_11_02_2022.jpg,not_drip,591,394,591_394,0.67,591_394
the_ralph_lauren_tee_(l)_2_11_02_2022.jpg,drip,591,394,591_394,0.67,591_394
the_ralph_lauren_tee_(l)_3_01_02_2022.jpg,drip,591,394,591_394,0.67,591_394
the_ralph_lauren_tee_(m)_1_11_02_2022.jpg,not_drip,591,394,591_394,0.67,591_394
the_ralph_lauren_tee_(s)_2_11_02_2022.jpg,not_drip,591,394,591_394,0.67,591_394
the_ralph_lauren_tee_(s)_3_01_02_2022.jpg,not_drip,591,394,591_394,0.67,591_394
the_ralph_lauren_tee_(xl)_1_11_02_2022.jpg,not_drip,591,394,591_394,0.67,591_394
the_ralph_lauren_tee_(xl)_2_11_02_2022.jpg,not_drip,591,394,591_394,0.67,591_394
the_ralph_lauren_tee_(xl)_3_01_02_2022.jpg,not_drip,591,394,591_394,0.67,591_394
the_ralph_lauren_tee_(xs)_2_01_02_2022.jpg,not_drip,591,394,591_394,0.67,591_394
the_ralph_lauren_yarmouth_striped_shirt_(xl)_2_11_02_2022.jpg,not_drip,591,394,591_394,0.67,591_394
the_ralph_lauren_yarmouth_striped_shirt_(xxl)_2_11_02_2022.jpg,not_drip,591,394,591_394,0.67,591_394
the_ray_ban_sweater_(m)_1_01_02_2022.jpg,not_drip,591,394,591_394,0.67,591_394
the_red_bull_embroidered_sweater_(l)_2_01_02_2022.jpg,not_drip,591,394,591_394,0.67,591_394
the_reebok_fleece_(l)_3_29_01_2022.jpg,not_drip,591,394,591_394,0.67,591_394
the_reebok_fleece_sweater_(m)_3_30_01_2022.jpg,not_drip,591,394,591_394,0.67,591_394
the_reebok_fleece_sweater_(m)_3_31_01_2022.jpg,not_drip,591,394,591_394,0.67,591_394
the_reebok_jacket_(m)_1_18_02_2022.jpg,not_drip,591,394,591_394,0.67,591_394
the_reebok_nfl_afl_50th_keller_jersey_(xxl)_2_11_02_2022.jpg,not_drip,591,394,591_394,0.67,591_394
the_reebok_nfl_patriots_brady_jersey_(xl)_1_11_02_2022.jpg,not_drip,591,394,591_394,0.67,591_394
the_reebok_nfl_patriots_superbowl_tee_(xl)_2_11_02_2022.jpg,not_drip,591,394,591_394,0.67,591_394
the_reebok_sweater_(m)_1_38_26_02_2022.jpg,not_drip,591,394,591_394,0.67,591_394
the_reebok_sweater_(m)_3_11_02_2022.jpg,not_drip,591,394,591_394,0.67,591_394
the_reebok_sweater_(s)_3_11_02_2022.jpg,not_drip,591,394,591_394,0.67,591_394
the_reebok_wru_welsh_rugby_polo_shirt_(m)_3_01_02_2022.jpg,not_drip,591,394,591_394,0.67,591_394
the_reporter_sweater_(s)_1_30_01_2022.jpg,not_drip,591,394,591_394,0.67,591_394
the_rsc_midsummer_night's_dream_sweater_(l)_2_29_01_2022.jpg,not_drip,591,394,591_394,0.67,591_394
the_russell_athletics_yankees_1996_sweater_(xl)_1_01_02_2022.jpg,drip,591,394,591_394,0.67,591_394
the_safari_graphic_sweater_(m)_1_30_01_2022.jpg,not_drip,591,394,591_394,0.67,591_394
the_santa_monica_tennis_sweater_(s)_1_04_02_2022.jpg,not_drip,591,394,591_394,0.67,591_394
the_san_francisco_sweater_(m)_2_01_02_2022.jpg,not_drip,591,394,591_394,0.67,591_394
the_san_francisco_sweater_(xs)_1_48_26_02_2022.jpg,not_drip,591,394,591_394,0.67,591_394
the_seminoles_embroidered_college_tee_(l)_4_31_01_2022.jpg,not_drip,591,394,591_394,0.67,591_394
the_silhouette_sweater_(l)_1_45_26_02_2022.jpg,not_drip,591,394,591_394,0.67,591_394
the_skate_contest_sweater_(s)_2_01_02_2022.jpg,not_drip,591,394,591_394,0.67,591_394
the_ski_fleece_(m)_4_30_01_2022.jpg,not_drip,591,394,591_394,0.67,591_394
the_ski_graphic_sweater_(l)_1_01_02_2022.jpg,not_drip,591,394,591_394,0.67,591_394
the_ski_graphic_sweater_(m)_1_01_02_2022.jpg,not_drip,591,394,591_394,0.67,591_394
the_ski_sweater_(m)_1_04_02_2022.jpg,not_drip,591,394,591_394,0.67,591_394
the_ski_sweater_(m)_2_01_02_2022.jpg,drip,591,394,591_394,0.67,591_394
the_ski_team_embroidered_sweater_(s)_1_04_02_2022.jpg,not_drip,591,394,591_394,0.67,591_394
the_snowboarding_sweater_(s)_1_29_01_2022.jpg,not_drip,591,394,591_394,0.67,591_394
the_snowboard_pastel_sweater_(m)_2_04_02_2022.jpg,not_drip,591,394,591_394,0.67,591_394
the_snowflake_fleece_(m)_4_31_01_2022.jpg,drip,591,394,591_394,0.67,591_394
the_snow_scene_sweater_(xs)_2_04_02_2022.jpg,not_drip,591,394,591_394,0.67,591_394
the_sons_of_anarchy_graphic_tee_(l)_4_31_01_2022.jpg,not_drip,591,394,591_394,0.67,591_394
the_souvenir_sweater_(l)_3_11_02_2022.jpg,not_drip,591,394,591_394,0.67,591_394
the_so_many_weeds_so_little_time_tee_(l)_1_31_26_02_2022.jpg,not_drip,591,394,591_394,0.67,591_394
the_squash_sweater_(l)_2_04_02_2022.jpg,not_drip,591,394,591_394,0.67,591_394
the_starter_new_york_giants_sweater_(m)_3_11_02_2022.jpg,not_drip,591,394,591_394,0.67,591_394
the_starter_puffer_coat_(xl)_2_30_01_2022.jpg,not_drip,591,394,591_394,0.67,591_394
the_starter_puffer_jacket_(xl)_2_30_01_2022.jpg,drip,591,394,591_394,0.67,591_394
the_starter_rework_sweater_(m)_3_30_01_2022.jpg,not_drip,591,394,591_394,0.67,591_394
the_starter_sweater_(m)_2_16_02_2022.jpg,not_drip,591,394,591_394,0.67,591_394
the_storyboard_sweater_(xs)_1_01_02_2022.jpg,not_drip,591,394,591_394,0.67,591_394
the_street_scene_sweater_(xs)_1_30_01_2022.jpg,not_drip,591,394,591_394,0.67,591_394
the_st_moritz_ski_sweater_(l)_2_01_02_2022.jpg,not_drip,591,394,591_394,0.67,591_394
the_sunset_tee_(xl)_4_30_01_2022.jpg,not_drip,591,394,591_394,0.67,591_394
the_super_dad_tee_(s)_1_23_26_02_2022.jpg,not_drip,591,394,591_394,0.67,591_394
the_super_speedy_snowboard_sweater_(xxl)_2_01_02_2022.jpg,not_drip,591,394,591_394,0.67,591_394
the_surfer_graphic_sweater_(s)_1_30_01_2022.jpg,not_drip,591,394,591_394,0.67,591_394
the_surfer_sweater_(s)_2_30_01_2022.jpg,not_drip,591,394,591_394,0.67,591_394
the_surf_sweater_(m)_2_01_02_2022.jpg,not_drip,591,394,591_394,0.67,591_394
the_suzuki_lucky_strike_sweater_(m)_3_29_01_2022.jpg,not_drip,591,394,591_394,0.67,591_394
the_suzuki_lucky_strike_sweater_(s)_3_29_01_2022.jpg,not_drip,591,394,591_394,0.67,591_394
the_tattoo_tour_vest_(m)_1_27_26_02_2022.jpg,not_drip,591,394,591_394,0.67,591_394
the_tdk_video_tape_shell_trousers_(l)_6_29_01_2022.jpg,not_drip,591,394,591_394,0.67,591_394
the_team_tiger_sportswear_sweater_(m)_3_01_02_2022.jpg,not_drip,591,394,591_394,0.67,591_394
the_texas_baseball_tee_(l)_1_11_02_2022.jpg,drip,591,394,591_394,0.67,591_394
the_texas_tee_(m)_4_30_01_2022.jpg,not_drip,591,394,591_394,0.67,591_394
the_tie_dye_tee_(l)_1_6_26_02_2022.jpg,not_drip,591,394,591_394,0.67,591_394
the_tie_dye_tee_(xl)_1_32_26_02_2022.jpg,not_drip,591,394,591_394,0.67,591_394
the_tijuana_graphic_sweater_(xs)_2_30_01_2022.jpg,not_drip,591,394,591_394,0.67,591_394
the_timberland_shirt_(xxl)_4_29_01_2022.jpg,not_drip,591,394,591_394,0.67,591_394
the_timberland_sweater_(s)_1_11_02_2022.jpg,not_drip,591,394,591_394,0.67,591_394
the_tommy_hilfiger_checkered_shirt_(l)_2_01_02_2022.jpg,not_drip,591,394,591_394,0.67,591_394
the_tommy_hilfiger_checkered_shirt_(xl)_1_30_01_2022.jpg,not_drip,591,394,591_394,0.67,591_394
the_tommy_hilfiger_chinos_(34x32)_1_30_01_2022.jpg,not_drip,591,394,591_394,0.67,591_394
the_tommy_hilfiger_polo_shirt_(m)_1_01_02_2022.jpg,not_drip,591,394,591_394,0.67,591_394
the_tommy_hilfiger_polo_shirt_(m)_3_01_02_2022.jpg,not_drip,591,394,591_394,0.67,591_394
the_tommy_hilfiger_shirt_(l)_1_30_01_2022.jpg,not_drip,591,394,591_394,0.67,591_394
the_tommy_hilfiger_shirt_(m)_2_11_02_2022.jpg,not_drip,591,394,591_394,0.67,591_394
the_tommy_hilfiger_shirt_(xl)_1_30_01_2022.jpg,not_drip,591,394,591_394,0.67,591_394
the_tommy_hilfiger_shirt_(xxl)_1_04_02_2022.jpg,not_drip,591,394,591_394,0.67,591_394
the_tommy_hilfiger_striped_shirt_(l)_1_01_02_2022.jpg,not_drip,591,394,591_394,0.67,591_394
the_tommy_hilfiger_striped_shirt_(m)_1_11_02_2022.jpg,not_drip,591,394,591_394,0.67,591_394
the_tommy_hilfiger_tee_(m)_1_01_02_2022.jpg,drip,591,394,591_394,0.67,591_394
the_tommy_hilfiger_tee_(m)_3_01_02_2022.jpg,not_drip,591,394,591_394,0.67,591_394
the_tommy_hilfiger_tee_(xxl)_3_01_02_2022.jpg,drip,591,394,591_394,0.67,591_394
the_tracy_lawrence_2006_country_tee_(l)_4_30_01_2022.jpg,not_drip,591,394,591_394,0.67,591_394
the_trucker_embroidered_sweater_(xl)_6_29_01_2022.jpg,not_drip,591,394,591_394,0.67,591_394
the_truck_stop_sweater_(l)_2_01_02_2022.jpg,not_drip,591,394,591_394,0.67,591_394
the_true_religion_plaid_shirt_(xl)_3_30_01_2022.jpg,not_drip,591,394,591_394,0.67,591_394
the_umbro_embroidered_rework_sweater_(s)_5_29_01_2022.jpg,not_drip,591,394,591_394,0.67,591_394
the_umbro_embroidered_sweater_(xxl)_3_30_01_2022.jpg,not_drip,591,394,591_394,0.67,591_394
the_umbro_football_embroidered_polo_shirt_(m)_2_30_01_2022.jpg,not_drip,591,394,591_394,0.67,591_394
the_umbro_sweater_(xl)_2_16_02_2022.jpg,not_drip,591,394,591_394,0.67,591_394
the_umbro_track_jacket_(s)_2_31_01_2022.jpg,not_drip,591,394,591_394,0.67,591_394
the_uni_of_waterloo_sweater_(m)_2_01_02_2022.jpg,not_drip,591,394,591_394,0.67,591_394
the_usa_jc_penney_olympic_shell_jacket_(m)_3_29_01_2022.jpg,not_drip,591,394,591_394,0.67,591_394
the_usmc_embroidered_jacket_(l)_2_30_01_2022.jpg,not_drip,591,394,591_394,0.67,591_394
the_us_marine_sweater_(s)_3_11_02_2022.jpg,not_drip,591,394,591_394,0.67,591_394
the_utility_over_shirt_(s)_1_31_01_2022.jpg,not_drip,591,394,591_394,0.67,591_394
the_versace_shirt_(s)_3_01_02_2022.jpg,not_drip,591,394,591_394,0.67,591_394
the_versace_shirt_(xl)_1_30_01_2022.jpg,not_drip,591,394,591_394,0.67,591_394
the_versace_shirt_(xxl)_2_11_02_2022.jpg,not_drip,591,394,591_394,0.67,591_394
the_vision_of_the_seas_tee_(l)_1_25_26_02_2022.jpg,not_drip,591,394,591_394,0.67,591_394
the_washington_graphic_sweater_(m)_5_29_01_2022.jpg,not_drip,591,394,591_394,0.67,591_394
the_wild_earth_wolf_tee_(xl)_1_29_26_02_2022.jpg,not_drip,591,394,591_394,0.67,591_394
the_winner_sweater_(m)_1_29_01_2022.jpg,drip,591,394,591_394,0.67,591_394
the_winter_games_sweater_(m)_2_04_02_2022.jpg,not_drip,591,394,591_394,0.67,591_394
the_wolf_sweater_(m)_1_04_02_2022.jpg,not_drip,591,394,591_394,0.67,591_394
the_wolf_tee_(l)_1_7_26_02_2022.jpg,not_drip,591,394,591_394,0.67,591_394
the_wolf_tee_(xl)_1_8_26_02_2022.jpg,not_drip,591,394,591_394,0.67,591_394
the_wool_bomber_jacket_(m)_4_30_01_2022.jpg,not_drip,591,394,591_394,0.67,591_394
the_wool_lined_denim_jacket_(l)_3_29_01_2022.jpg,not_drip,591,394,591_394,0.67,591_394
the_wrangler_jeans_(34x30)_1_30_01_2022.jpg,not_drip,591,394,591_394,0.67,591_394
the_wrangler_jeans_(38x30)_1_30_01_2022.jpg,not_drip,591,394,591_394,0.67,591_394
the_wrangler_jeans_(42x32)_1_30_01_2022.jpg,not_drip,591,394,591_394,0.67,591_394
the_wrangler_jeans_(42x34)_1_30_01_2022.jpg,not_drip,591,394,591_394,0.67,591_394
the_wyoming_tee_(l)_1_4_26_02_2022.jpg,not_drip,591,394,591_394,0.67,591_394
the_y2k_bleach_wash_denim_jacket_(l)_2_30_01_2022.jpg,not_drip,591,394,591_394,0.67,591_394
the_yosemite_park_sweater_(xs)_2_04_02_2022.jpg,not_drip,591,394,591_394,0.67,591_394
the_ysl_checked_shirt_(l)_6_29_01_2022.jpg,not_drip,591,394,591_394,0.67,591_394
the_ysl_checkered_shirt_(l)_1_30_01_2022.jpg,not_drip,591,394,591_394,0.67,591_394
the_ysl_checkered_shirt_(m)_2_01_02_2022.jpg,not_drip,591,394,591_394,0.67,591_394
the_ysl_checkered_shirt_(s)_1_30_01_2022.jpg,not_drip,591,394,591_394,0.67,591_394
the_ysl_checkered_shirt_(xl)_1_04_02_2022.jpg,not_drip,591,394,591_394,0.67,591_394
the_ysl_checkered_shirt_(xl)_2_29_01_2022.jpg,not_drip,591,394,591_394,0.67,591_394
the_ysl_check_shirt_(l)_1_11_02_2022.jpg,not_drip,591,394,591_394,0.67,591_394
the_ysl_shirt_(l)_1_01_02_2022.jpg,not_drip,591,394,591_394,0.67,591_394
the_ysl_shirt_(l)_1_04_02_2022.jpg,not_drip,591,394,591_394,0.67,591_394
the_ysl_shirt_(l)_1_29_01_2022.jpg,not_drip,591,394,591_394,0.67,591_394
the_ysl_shirt_(l)_2_11_02_2022.jpg,not_drip,591,394,591_394,0.67,591_394
the_ysl_shirt_(l)_2_29_01_2022.jpg,not_drip,591,394,591_394,0.67,591_394
the_ysl_shirt_(l)_2_31_01_2022.jpg,not_drip,591,394,591_394,0.67,591_394
the_ysl_shirt_(l)_4_29_01_2022.jpg,not_drip,591,394,591_394,0.67,591_394
the_ysl_shirt_(l)_5_29_01_2022.jpg,not_drip,591,394,591_394,0.67,591_394
the_ysl_shirt_(m)_1_04_02_2022.jpg,not_drip,591,394,591_394,0.67,591_394
the_ysl_shirt_(m)_2_04_02_2022.jpg,not_drip,591,394,591_394,0.67,591_394
the_ysl_shirt_(m)_3_30_01_2022.jpg,not_drip,591,394,591_394,0.67,591_394
the_ysl_shirt_(s)_1_30_01_2022.jpg,not_drip,591,394,591_394,0.67,591_394
the_ysl_shirt_(xl)_1_01_02_2022.jpg,not_drip,591,394,591_394,0.67,591_394
the_ysl_shirt_(xl)_1_04_02_2022.jpg,not_drip,591,394,591_394,0.67,591_394
the_ysl_shirt_(xl)_1_29_01_2022.jpg,not_drip,591,394,591_394,0.67,591_394
the_ysl_shirt_(xl)_2_11_02_2022.jpg,not_drip,591,394,591_394,0.67,591_394
the_ysl_shirt_(xl)_2_29_01_2022.jpg,not_drip,591,394,591_394,0.67,591_394
the_ysl_shirt_(xl)_3_16_02_2022.jpg,not_drip,591,394,591_394,0.67,591_394
the_ysl_shirt_(xl)_4_29_01_2022.jpg,not_drip,591,394,591_394,0.67,591_394
the_ysl_shirt_(xl)_5_29_01_2022.jpg,not_drip,591,394,591_394,0.67,591_394
the_ysl_striped_shirt_(l)_1_01_02_2022.jpg,not_drip,591,394,591_394,0.67,591_394
the_ysl_striped_shirt_(l)_4_29_01_2022.jpg,not_drip,591,394,591_394,0.67,591_394
